2023-10-04T13:00:00Z,2023-10-04T13:01:00Z,{"action":"login"},{"status":"success"},ENT123,android,TRK004
2023-10-05T14:00:00Z,2023-10-05T14:02:00Z,{"action":"logout"},{"status":"success"},ENT456,ios,TRK005
2023-10-06T15:00:00Z,2023-10-06T15:03:00Z,{"action":"update"},{"status":"failed"},ENT789,web,TRK006
2023-10-07T16:00:00Z,2023-10-07T16:01:00Z,{"action":"login"},{"status":"success"},ENT123,android,TRK007
2023-10-08T17:00:00Z,2023-10-08T17:02:00Z,{"action":"logout"},{"status":"success"},ENT456,ios,TRK008
2023-10-09T18:00:00Z,2023-10-09T18:03:00Z,{"action":"update"},{"status":"failed"},ENT789,web,TRK009
2023-10-10T19:00:00Z,2023-10-10T19:01:00Z,{"action":"login"},{"status":"success"},ENT123,android,TRK010
2023-10-11T20:00:00Z,2023-10-11T20:02:00Z,{"action":"logout"},{"status":"success"},ENT456,ios,TRK011
2023-10-12T21:00:00Z,2023-10-12T21:03:00Z,{"action":"update"},{"status":"failed"},ENT789,web,TRK012
2023-10-13T22:00:00Z,2023-10-13T22:01:00Z,{"action":"login"},{"status":"success"},ENT123,android,TRK013
2023-10-14T23:00:00Z,2023-10-14T23:02:00Z,{"action":"logout"},{"status":"success"},ENT456,ios,TRK014
2023-10-15T00:00:00Z,2023-10-15T00:03:00Z,{"action":"update"},{"status":"failed"},ENT789,web,TRK015
2023-10-16T01:00:00Z,2023-10-16T01:01:00Z,{"action":"login"},{"status":"success"},ENT123,android,TRK016
2023-10-17T02:00:00Z,2023-10-17T02:02:00Z,{"action":"logout"},{"status":"success"},ENT456,ios,TRK017
2023-10-18T03:00:00Z,2023-10-18T03:03:00Z,{"action":"update"},{"status":"failed"},ENT789,web,TRK018
2023-10-19T04:00:00Z,2023-10-19T04:01:00Z,{"action":"login"},{"status":"success"},ENT123,android,TRK019
2023-10-20T05:00:00Z,2023-10-20T05:02:00Z,{"action":"logout"},{"status":"success"},ENT456,ios,TRK020
2023-10-21T06:00:00Z,2023-10-21T06:03:00Z,{"action":"update"},{"status":"failed"},ENT789,web,TRK021
2023-10-22T07:00:00Z,2023-10-22T07:01:00Z,{"action":"login"},{"status":"success"},ENT123,android,TRK022
2023-10-23T08:00:00Z,2023-10-23T08:02:00Z,{"action":"logout"},{"status":"success"},ENT456,ios,TRK023
2023-10-24T09:00:00Z,2023-10-24T09:03:00Z,{"action":"update"},{"status":"failed"},ENT789,web,TRK024
2023-10-25T10:00:00Z,2023-10-25T10:01:00Z,{"action":"login"},{"status":"success"},ENT123,android,TRK025
2023-10-26T11:00:00Z,2023-10-26T11:02:00Z,{"action":"logout"},{"status":"success"},ENT456,ios,TRK026
2023-10-27T12:00:00Z,2023-10-27T12:03:00Z,{"action":"update"},{"status":"failed"},ENT789,web,TRK027
2023-10-28T13:00:00Z,2023-10-28T13:01:00Z,{"action":"login"},{"status":"success"},ENT123,android,TRK028
2023-10-29T14:00:00Z,2023-10-29T14:02:00Z,{"action":"logout"},{"status":"success"},ENT456,ios,TRK029
2023-10-30T15:00:00Z,2023-10-30T15:03:00Z,{"action":"update"},{"status":"failed"},ENT789,web,TRK030
2023-10-31T16:00:00Z,2023-10-31T16:01:00Z,{"action":"login"},{"status":"success"},ENT123,android,TRK031
2023-11-01T17:00:00Z,2023-11-01T17:02:00Z,{"action":"logout"},{"status":"success"},ENT456,ios,TRK032
2023-11-02T18:00:00Z,2023-11-02T18:03:00Z,{"action":"update"},{"status":"failed"},ENT789,web,TRK033